-- phpMyAdmin SQL Dump
-- version 4.9.0.1
-- https://www.phpmyadmin.net/
--
-- Host: 127.0.0.1
-- Waktu pembuatan: 11 Des 2021 pada 12.52
-- Versi server: 10.4.6-MariaDB
-- Versi PHP: 7.3.9

SET SQL_MODE = "NO_AUTO_VALUE_ON_ZERO";
SET AUTOCOMMIT = 0;
START TRANSACTION;
SET time_zone = "+00:00";


/*!40101 SET @OLD_CHARACTER_SET_CLIENT=@@CHARACTER_SET_CLIENT */;
/*!40101 SET @OLD_CHARACTER_SET_RESULTS=@@CHARACTER_SET_RESULTS */;
/*!40101 SET @OLD_COLLATION_CONNECTION=@@COLLATION_CONNECTION */;
/*!40101 SET NAMES utf8mb4 */;

--
-- Database: `fourstore`
--

-- --------------------------------------------------------

--
-- Struktur dari tabel `admin`
--

CREATE TABLE `admin` (
  `id` int(11) NOT NULL,
  `username` varchar(255) NOT NULL,
  `password` varchar(255) NOT NULL,
  `creationDate` timestamp NOT NULL DEFAULT current_timestamp(),
  `updationDate` varchar(255) NOT NULL
) ENGINE=InnoDB DEFAULT CHARSET=latin1;

--
-- Dumping data untuk tabel `admin`
--

INSERT INTO `admin` (`id`, `username`, `password`, `creationDate`, `updationDate`) VALUES
(1, 'admin', 'f925916e2754e5e03f75dd58a5733251', '2021-11-25 01:27:55', '25-11-2021 12:42:12 PM');

-- --------------------------------------------------------

--
-- Struktur dari tabel `category`
--

CREATE TABLE `category` (
  `id` int(11) NOT NULL,
  `categoryName` varchar(255) DEFAULT NULL,
  `categoryDescription` longtext DEFAULT NULL,
  `creationDate` timestamp NOT NULL DEFAULT current_timestamp(),
  `updationDate` varchar(255) DEFAULT NULL
) ENGINE=InnoDB DEFAULT CHARSET=latin1;

--
-- Dumping data untuk tabel `category`
--

INSERT INTO `category` (`id`, `categoryName`, `categoryDescription`, `creationDate`, `updationDate`) VALUES
(3, 'Books', 'Test anuj', '2021-11-25 19:17:37', '27-11-2021 12:22:24 AM'),
(4, 'Electronics', 'Electronic Products', '2021-11-25 19:19:32', ''),
(5, 'Furniture', 'test', '2021-11-25 19:19:54', ''),
(6, 'Fashion', 'Fashion', '2021-11-25 19:18:52', '');

-- --------------------------------------------------------

--
-- Struktur dari tabel `orders`
--

CREATE TABLE `orders` (
  `id` int(11) NOT NULL,
  `userId` int(11) DEFAULT NULL,
  `productId` varchar(255) DEFAULT NULL,
  `quantity` int(11) DEFAULT NULL,
  `orderDate` timestamp NOT NULL DEFAULT current_timestamp(),
  `paymentMethod` varchar(50) DEFAULT NULL,
  `orderStatus` varchar(55) DEFAULT NULL
) ENGINE=InnoDB DEFAULT CHARSET=latin1;

--
-- Dumping data untuk tabel `orders`
--

INSERT INTO `orders` (`id`, `userId`, `productId`, `quantity`, `orderDate`, `paymentMethod`, `orderStatus`) VALUES
(7, 1, '1', 1, '2021-11-26 06:24:22', 'COD', NULL),
(8, 1, '3', 1, '2021-11-26 06:24:22', 'COD', NULL),
(9, 1, '15', 1, '2021-11-26 06:24:44', 'COD', NULL),
(10, 1, '3', 1, '2021-11-26 06:28:19', 'COD', NULL),
(11, 4, '3', 1, '2021-11-26 06:36:19', 'COD', 'in Process'),
(12, 1, '15', 1, '2021-11-26 06:41:31', 'COD', NULL),
(13, 4, '11', 1, '2021-11-26 11:58:09', 'COD', 'in Process'),
(14, 4, '1', 1, '2021-12-09 02:47:45', 'COD', 'in Process'),
(15, 4, '6', 1, '2021-12-09 03:05:08', 'COD', 'in Process'),
(16, 8, '2', 1, '2021-12-09 15:43:49', 'COD', NULL),
(17, 8, '3', 1, '2021-12-09 15:43:49', 'COD', NULL),
(18, 8, '3', 1, '2021-12-09 15:49:58', 'COD', NULL),
(19, 8, '11', 1, '2021-12-11 05:24:42', 'COD', NULL),
(20, 17, '2', 1, '2021-12-11 08:07:22', 'COD', 'Delivered');

-- --------------------------------------------------------

--
-- Struktur dari tabel `ordertrackhistory`
--

CREATE TABLE `ordertrackhistory` (
  `id` int(11) NOT NULL,
  `orderId` int(11) DEFAULT NULL,
  `status` varchar(255) DEFAULT NULL,
  `remark` mediumtext DEFAULT NULL,
  `postingDate` timestamp NOT NULL DEFAULT current_timestamp()
) ENGINE=InnoDB DEFAULT CHARSET=latin1;

--
-- Dumping data untuk tabel `ordertrackhistory`
--

INSERT INTO `ordertrackhistory` (`id`, `orderId`, `status`, `remark`, `postingDate`) VALUES
(1, 11, 'in Process', 'terimakasih', '2021-11-26 06:37:11'),
(2, 11, 'in Process', 'Terimakasih', '2021-11-26 06:38:06'),
(4, 11, 'in Process', 'adas', '2021-11-26 06:39:31'),
(6, 13, 'in Process', 'Terimakasih', '2021-11-26 11:59:24'),
(7, 14, 'in Process', 'Pesanan Anda Sedang di Packing', '2021-12-09 02:59:06'),
(8, 15, 'in Process', 'Paket anda sedang dalam Perjalanan', '2021-12-09 03:06:17'),
(11, 20, 'Delivered', 'Dalam Perjalanan', '2021-12-11 08:08:53');

-- --------------------------------------------------------

--
-- Struktur dari tabel `productreviews`
--

CREATE TABLE `productreviews` (
  `id` int(11) NOT NULL,
  `productId` int(11) DEFAULT NULL,
  `quality` int(11) DEFAULT NULL,
  `price` int(11) DEFAULT NULL,
  `value` int(11) DEFAULT NULL,
  `name` varchar(255) DEFAULT NULL,
  `summary` varchar(255) DEFAULT NULL,
  `review` longtext DEFAULT NULL,
  `reviewDate` timestamp NOT NULL DEFAULT current_timestamp()
) ENGINE=InnoDB DEFAULT CHARSET=latin1;

--
-- Dumping data untuk tabel `productreviews`
--

INSERT INTO `productreviews` (`id`, `productId`, `quality`, `price`, `value`, `name`, `summary`, `review`, `reviewDate`) VALUES
(2, 3, 4, 5, 5, 'Anuj Kumar', 'BEST PRODUCT FOR ME :)', 'BEST PRODUCT FOR ME :)', '2021-12-06 20:43:57'),
(3, 3, 3, 4, 3, 'Sarita pandey', 'Nice Product', 'Value for money', '2021-12-06 20:52:46'),
(4, 3, 3, 4, 3, 'Sarita pandey', 'Nice Product', 'Value for money', '2021-12-06 20:59:19');

-- --------------------------------------------------------

--
-- Struktur dari tabel `products`
--

CREATE TABLE `products` (
  `id` int(11) NOT NULL,
  `category` int(11) NOT NULL,
  `subCategory` int(11) DEFAULT NULL,
  `productName` varchar(255) DEFAULT NULL,
  `productCompany` varchar(255) DEFAULT NULL,
  `productPrice` int(11) DEFAULT NULL,
  `productPriceBeforeDiscount` int(11) DEFAULT NULL,
  `productDescription` longtext DEFAULT NULL,
  `productImage1` varchar(255) DEFAULT NULL,
  `productImage2` varchar(255) DEFAULT NULL,
  `productImage3` varchar(255) DEFAULT NULL,
  `shippingCharge` int(11) DEFAULT NULL,
  `productAvailability` varchar(255) DEFAULT NULL,
  `postingDate` timestamp NULL DEFAULT current_timestamp(),
  `updationDate` varchar(255) DEFAULT NULL
) ENGINE=InnoDB DEFAULT CHARSET=latin1;

--
-- Dumping data untuk tabel `products`
--

INSERT INTO `products` (`id`, `category`, `subCategory`, `productName`, `productCompany`, `productPrice`, `productPriceBeforeDiscount`, `productDescription`, `productImage1`, `productImage2`, `productImage3`, `shippingCharge`, `productAvailability`, `postingDate`, `updationDate`) VALUES
(1, 4, 3, 'Micromax 81cm (32) HD Ready LED TV  (32T6175MHD, 2 x HDMI, 2 x USB)', 'Micromax test', 139900, 0, '<div class=\"HoUsOy\" style=\"box-sizing: border-box; margin: 0px; padding: 0px 0px 16px; font-size: 18px; white-space: nowrap; line-height: 1.4; color: rgb(33, 33, 33); font-family: Roboto, Arial, sans-serif;\">General</div><ul style=\"box-sizing: border-box; margin-bottom: 0px; margin-left: 0px; color: rgb(33, 33, 33); font-family: Roboto, Arial, sans-serif; font-size: 14px;\"><li class=\"_1KuY3T row\" style=\"box-sizing: border-box; margin: 0px; padding: 0px 0px 16px; list-style: none; display: flex; flex-flow: row wrap; width: 731px;\"><div class=\"vmXPri col col-3-12\" style=\"box-sizing: border-box; margin: 0px; padding: 0px 8px 0px 0px; width: 182.75px; display: inline-block; vertical-align: top; color: rgb(135, 135, 135);\">Sales Package</div><ul class=\"_3dG3ix col col-9-12\" style=\"box-sizing: border-box; margin-left: 0px; width: 548.25px; display: inline-block; vertical-align: top; line-height: 1.4;\"><li class=\"sNqDog\" style=\"box-sizing: border-box; margin: 0px; padding: 0px; list-style: none;\">1 TV Unit, Remote Controller, Battery (For Remote Controller), Quick Installation Guide and User Manual: All in One, Wall Mount Support</li></ul></li><li class=\"_1KuY3T row\" style=\"box-sizing: border-box; margin: 0px; padding: 0px 0px 16px; list-style: none; display: flex; flex-flow: row wrap; width: 731px;\"><div class=\"vmXPri col col-3-12\" style=\"box-sizing: border-box; margin: 0px; padding: 0px 8px 0px 0px; width: 182.75px; display: inline-block; vertical-align: top; color: rgb(135, 135, 135);\">Model Name</div><ul class=\"_3dG3ix col col-9-12\" style=\"box-sizing: border-box; margin-left: 0px; width: 548.25px; display: inline-block; vertical-align: top; line-height: 1.4;\"><li class=\"sNqDog\" style=\"box-sizing: border-box; margin: 0px; padding: 0px; list-style: none;\">32T6175MHD</li></ul></li><li class=\"_1KuY3T row\" style=\"box-sizing: border-box; margin: 0px; padding: 0px 0px 16px; list-style: none; display: flex; flex-flow: row wrap; width: 731px;\"><div class=\"vmXPri col col-3-12\" style=\"box-sizing: border-box; margin: 0px; padding: 0px 8px 0px 0px; width: 182.75px; display: inline-block; vertical-align: top; color: rgb(135, 135, 135);\">Display Size</div><ul class=\"_3dG3ix col col-9-12\" style=\"box-sizing: border-box; margin-left: 0px; width: 548.25px; display: inline-block; vertical-align: top; line-height: 1.4;\"><li class=\"sNqDog\" style=\"box-sizing: border-box; margin: 0px; padding: 0px; list-style: none;\">81 cm (32)</li></ul></li><li class=\"_1KuY3T row\" style=\"box-sizing: border-box; margin: 0px; padding: 0px 0px 16px; list-style: none; display: flex; flex-flow: row wrap; width: 731px;\"><div class=\"vmXPri col col-3-12\" style=\"box-sizing: border-box; margin: 0px; padding: 0px 8px 0px 0px; width: 182.75px; display: inline-block; vertical-align: top; color: rgb(135, 135, 135);\">Screen Type</div><ul class=\"_3dG3ix col col-9-12\" style=\"box-sizing: border-box; margin-left: 0px; width: 548.25px; display: inline-block; vertical-align: top; line-height: 1.4;\"><li class=\"sNqDog\" style=\"box-sizing: border-box; margin: 0px; padding: 0px; list-style: none;\">LED</li></ul></li><li class=\"_1KuY3T row\" style=\"box-sizing: border-box; margin: 0px; padding: 0px 0px 16px; list-style: none; display: flex; flex-flow: row wrap; width: 731px;\"><div class=\"vmXPri col col-3-12\" style=\"box-sizing: border-box; margin: 0px; padding: 0px 8px 0px 0px; width: 182.75px; display: inline-block; vertical-align: top; color: rgb(135, 135, 135);\">HD Technology &amp; Resolutiontest</div><ul class=\"_3dG3ix col col-9-12\" style=\"box-sizing: border-box; margin-left: 0px; width: 548.25px; display: inline-block; vertical-align: top; line-height: 1.4;\"><li class=\"sNqDog\" style=\"box-sizing: border-box; margin: 0px; padding: 0px; list-style: none;\">HD Ready, 1366 x 768</li></ul></li></ul>', 'micromax1.jpeg', 'micromax main image.jpg', 'micromax main image.jpg', 1200, 'In Stock', '2021-11-26 16:58:00', ''),
(2, 4, 4, 'Apple iPhone 6 (Silver, 16 GB)', 'Apple INC', 36990, 0, '<div class=\"_2PF8IO\" style=\"box-sizing: border-box; margin: 0px 0px 0px 110px; padding: 0px; flex: 1 1 0%; color: rgb(33, 33, 33); font-family: Roboto, Arial, sans-serif; font-size: 14px;\"><ul style=\"box-sizing: border-box; margin-bottom: 0px; margin-left: 0px;\"><li class=\"_1tMfkh\" style=\"box-sizing: border-box; margin: 0px; padding: 0px 0px 8px 16px; list-style: none; position: relative;\">1 GB RAM | 16 GB ROM |</li><li class=\"_1tMfkh\" style=\"box-sizing: border-box; margin: 0px; padding: 0px 0px 8px 16px; list-style: none; position: relative;\">4.7 inch Retina HD Display</li><li class=\"_1tMfkh\" style=\"box-sizing: border-box; margin: 0px; padding: 0px 0px 8px 16px; list-style: none; position: relative;\">8MP Primary Camera | 1.2MP Front</li><li class=\"_1tMfkh\" style=\"box-sizing: border-box; margin: 0px; padding: 0px 0px 8px 16px; list-style: none; position: relative;\">Li-Ion Battery</li><li class=\"_1tMfkh\" style=\"box-sizing: border-box; margin: 0px; padding: 0px 0px 8px 16px; list-style: none; position: relative;\">A8 Chip with 64-bit Architecture and M8 Motion Co-processor Processor</li></ul></div>', 'apple-iphone-6-1.jpeg', 'apple-iphone-6-2.jpeg', 'apple-iphone-6-3.jpeg', 0, 'In Stock', '2021-11-26 16:59:00', ''),
(3, 4, 4, 'Redmi Note 4 (Gold, 32 GB)  (With 3 GB RAM)', 'Redmi', 10999, 0, '<br><div><ol><li>3 GB RAM | 32 GB ROM | Expandable Upto 128 GB<br></li><li>5.5 inch Full HD Display<br></li><li>13MP Primary Camera | 5MP Front<br></li><li>4100 mAh Li-Polymer Battery<br></li><li>Qualcomm Snapdragon 625 64-bit Processor<br></li></ol></div>', 'mi-redmi-note-4-1.jpeg', 'mi-redmi-note-4-2.jpeg', 'mi-redmi-note-4-3.jpeg', 0, 'In Stock', '2021-11-27 04:03:15', ''),
(4, 4, 4, 'Lenovo K6 Power (Silver, 32 GB) ', 'Lenovo', 9999, 0, '<ul><li>3 GB RAM | 32 GB ROM | Expandable Upto 128 GB<br></li><li>5 inch Full HD Display<br></li><li>13MP Primary Camera | 8MP Front<br></li><li>4000 mAh Li-Polymer Battery<br></li><li>Qualcomm Snapdragon 430 Processor<br></li></ul>', 'lenovo-k6-power-k33a42-1.jpeg', 'lenovo-k6-power-k33a42-2.jpeg', 'lenovo-k6-power-k33a42-3.jpeg', 45, 'In Stock', '2021-11-27 04:04:43', ''),
(5, 4, 4, 'Lenovo Vibe K5 Note (Gold, 32 GB)  ', 'Lenovo', 11999, 0, '<ul><li>3 GB RAM | 32 GB ROM | Expandable Upto 128 GB<br></li><li>5.5 inch Full HD Display<br></li><li>13MP Primary Camera | 8MP Front<br></li><li>3500 mAh Li-Ion Polymer Battery<br></li><li>Helio P10 64-bit Processor<br></li></ul>', 'lenovo-k5-note-pa330010in-1.jpeg', 'lenovo-k5-note-pa330116in-2.jpeg', 'lenovo-k5-note-pa330116in-3.jpeg', 0, 'In Stock', '2021-11-27 04:06:17', ''),
(6, 4, 4, 'Micromax Canvas Mega 4G', 'Micromax', 6999, 0, '<ul><li>3 GB RAM | 16 GB ROM |<br></li><li>5.5 inch HD Display<br></li><li>13MP Primary Camera | 5MP Front<br></li><li>2500 mAh Battery<br></li><li>MT6735 Processor<br></li></ul>', 'micromax-canvas-mega-4g-1.jpeg', 'micromax-canvas-mega-4g-2.jpeg', 'micromax-canvas-mega-4g-3.jpeg', 35, 'In Stock', '2021-11-26 17:00:00', ''),
(7, 4, 4, 'SAMSUNG Galaxy On5', 'SAMSUNG', 7490, 0, '<ul><li>1.5 GB RAM | 8 GB ROM | Expandable Upto 128 GB<br></li><li>5 inch HD Display<br></li><li>8MP Primary Camera | 5MP Front<br></li><li>2600 mAh Li-Ion Battery<br></li><li>Exynos 3475 Processor<br></li></ul>', 'samsung-galaxy-on7-sm-1.jpeg', 'samsung-galaxy-on5-sm-2.jpeg', 'samsung-galaxy-on5-sm-3.jpeg', 20, 'In Stock', '2021-11-27 04:10:17', ''),
(8, 4, 4, 'OPPO A57', 'OPPO', 14990, 0, '<ul><li>3 GB RAM | 32 GB ROM | Expandable Upto 256 GB<br></li><li>5.2 inch HD Display<br></li><li>13MP Primary Camera | 16MP Front<br></li><li>2900 mAh Battery<br></li><li>Qualcomm MSM8940 64-bit Processor<br></li></ul>', 'oppo-a57-na-original-1.jpeg', 'oppo-a57-na-original-2.jpeg', 'oppo-a57-na-original-3.jpeg', 0, 'In Stock', '2021-11-27 04:11:54', ''),
(9, 4, 5, 'Affix Back Cover for Mi Redmi Note 4', 'Techguru', 259, 0, '<ul><li>Suitable For: Mobile<br></li><li>Material: Polyurethane<br></li><li>Theme: No Theme<br></li><li>Type: Back Cover<br></li><li>Waterproof<br></li></ul>', 'amzer-amz98947-original-1.jpeg', 'amzer-amz98947-original-2.jpeg', 'amzer-amz98947-original-3.jpeg', 10, 'In Stock', '2021-11-27 04:17:03', ''),
(11, 4, 6, 'Acer ES 15 Pentium Quad Core', 'Acer', 19990, 0, '<ul><li>Intel Pentium Quad Core Processor ( )<br></li><li>4 GB DDR3 RAM<br></li><li>Linux/Ubuntu Operating System<br></li><li>1 TB HDD<br></li><li>15.6 inch Display<br></li></ul>', 'acer-aspire-notebook-original-1.jpeg', 'acer-aspire-notebook-original-2.jpeg', 'acer-aspire-notebook-original-3.jpeg', 0, 'In Stock', '2021-11-27 04:26:17', ''),
(12, 4, 6, 'Micromax Canvas Laptab II (WIFI) Atom 4th Gen', 'Micromax', 10999, 0, '<ul><li>Intel Atom Processor ( 4th Gen )<br></li><li>2 GB DDR3 RAM<br></li><li>32 bit Windows 10 Operating System<br></li><li>11.6 inch Touchscreen Display<br></li></ul>', 'micromax-lt777w-2-in-1-laptop-original-1.jpeg', 'micromax-lt777w-2-in-1-laptop-original-2.jpeg', 'micromax-lt777w-2-in-1-laptop-original-3.jpeg', 0, 'In Stock', '2021-11-27 04:28:17', ''),
(13, 4, 6, 'HP Core i5 5th Gen', 'HP', 41990, 0, '<span style=\"color: rgb(33, 33, 33); font-family: Roboto, Arial, sans-serif; font-size: 18px;\">HP Core i5 5th Gen - (4 GB/1 TB HDD/Windows 10 Home/2 GB Graphics) N8M28PA 15-ac123tx Notebook</span><span style=\"color: rgb(33, 33, 33); font-family: Roboto, Arial, sans-serif; font-size: 18px;\">&nbsp;&nbsp;(15.6 inch, Turbo SIlver, 2.19 kg)</span><br><div><ul><li>Intel Core i5 Processor ( 5th Gen )<br></li><li>4 GB DDR3 RAM<br></li><li>64 bit Windows 10 Operating System<br></li><li>1 TB HDD<br></li><li>15.6 inch Display<br></li></ul></div>', 'hp-notebook-original-1.jpeg', 'hp-notebook-original-2.jpeg', 'hp-notebook-original-3.jpeg', 0, 'In Stock', '2021-11-27 04:30:24', ''),
(14, 4, 6, 'Lenovo Ideapad 110 APU Quad Core A6 6th Gen', 'Lenovo', 22990, 0, '<span style=\"color: rgb(33, 33, 33); font-family: Roboto, Arial, sans-serif; font-size: 18px;\">Lenovo Ideapad 110 APU Quad Core A6 6th Gen - (4 GB/500 GB HDD/Windows 10 Home) 80TJ00D2IH IP110 15ACL Notebook</span><span style=\"color: rgb(33, 33, 33); font-family: Roboto, Arial, sans-serif; font-size: 18px;\">&nbsp;&nbsp;(15.6 inch, Black, 2.2 kg)</span><br><div><ul><li>AMD APU Quad Core A6 Processor ( 6th Gen )<br></li><li>4 GB DDR3 RAM<br></li><li>64 bit Windows 10 Operating System<br></li><li>500 GB HDD<br></li><li>15.6 inch Display<br></li></ul></div>', 'lenovo-ideapad-notebook-original-1.jpeg', 'lenovo-ideapad-notebook-original-2.jpeg', 'lenovo-ideapad-notebook-3.jpeg', 0, 'In Stock', '2021-11-27 04:32:15', ''),
(15, 3, 8, 'The Wimpy Kid Do -It- Yourself Book', 'ABC', 205, 250, '<span style=\"color: rgb(33, 33, 33); font-family: Roboto, Arial, sans-serif; font-size: 18px;\">The Wimpy Kid Do -It- Yourself Book</span><span style=\"color: rgb(33, 33, 33); font-family: Roboto, Arial, sans-serif; font-size: 18px;\">&nbsp;&nbsp;(English, Paperback, Jeff Kinney)</span><br><div><ul><li>Language: English<br></li><li>Binding: Paperback<br></li><li>Publisher: Penguin Books Ltd<br></li><li>ISBN: 9780141339665, 0141339667<br></li><li>Edition: 1<br></li></ul></div>', 'diary-of-a-wimpy-kid-do-it-yourself-book-original-1.jpeg', 'diary-of-a-wimpy-kid-do-it-yourself-book-original-1.jpeg', 'diary-of-a-wimpy-kid-do-it-yourself-book-original-1.jpeg', 50, 'In Stock', '2021-11-27 04:35:13', ''),
(16, 3, 8, 'Thea Stilton and the Tropical Treasure ', 'XYZ', 240, 0, '<ul><li>Language: English<br></li><li>Binding: Paperback<br></li><li>Publisher: Scholastic<br></li><li>ISBN: 9789351032083, 9351032086<br></li><li>Edition: 2015<br></li><li>Pages: 176<br></li></ul>', '22-thea-stilton-and-the-tropical-treasure-original-1.jpeg', '22-thea-stilton-and-the-tropical-treasure-original-1.jpeg', '22-thea-stilton-and-the-tropical-treasure-original-1.jpeg', 30, 'In Stock', '2021-11-27 04:36:23', ''),
(17, 5, 9, 'Induscraft Solid Wood King Bed With Storage', 'Induscraft', 32566, 0, '<span style=\"color: rgb(33, 33, 33); font-family: Roboto, Arial, sans-serif; font-size: 18px;\">Induscraft Solid Wood King Bed With Storage</span><span style=\"color: rgb(33, 33, 33); font-family: Roboto, Arial, sans-serif; font-size: 18px;\">&nbsp;&nbsp;(Finish Color - Honey Brown)</span><br><div><ul><li>Material Subtype: Rosewood (Sheesham)<br></li><li>W x H x D: 1850 mm x 875 mm x 2057.5 mm<br></li><li>Floor Clearance: 8 mm<br></li><li>Delivery Condition: Knock Down<br></li></ul></div>', 'inaf245-queen-rosewood-sheesham-induscraft-na-honey-brown-original-1.jpeg', 'inaf245-queen-rosewood-sheesham-induscraft-na-honey-brown-original-2.jpeg', 'inaf245-queen-rosewood-sheesham-induscraft-na-honey-brown-original-3.jpeg', 0, 'In Stock', '2021-11-27 04:40:37', ''),
(18, 5, 10, 'Nilkamal Ursa Metal Queen Bed', 'Nilkamal', 6523, 0, '<span style=\"color: rgb(33, 33, 33); font-family: Roboto, Arial, sans-serif; font-size: 18px;\">@home by Nilkamal Ursa Metal Queen Bed</span><span style=\"color: rgb(33, 33, 33); font-family: Roboto, Arial, sans-serif; font-size: 18px;\">&nbsp;&nbsp;(Finish Color - NA)</span><br><div><ul><li>Material Subtype: Carbon Steel<br></li><li>W x H x D: 1590 mm x 910 mm x 2070 mm<br></li><li>Floor Clearance: 341 mm<br></li><li>Delivery Condition: Knock Down<br></li></ul></div>', 'flbdorsabrqbblk-queen-carbon-steel-home-by-nilkamal-na-na-original-1.jpeg', 'flbdorsabrqbblk-queen-carbon-steel-home-by-nilkamal-na-na-original-2.jpeg', 'flbdorsabrqbblk-queen-carbon-steel-home-by-nilkamal-na-na-original-3.jpeg', 0, 'In Stock', '2021-11-27 04:42:27', ''),
(19, 6, 12, 'Asian Casuals  (White, White)', 'Asian', 379, 0, '<ul style=\"box-sizing: border-box; margin-bottom: 0px; margin-left: 0px; color: rgb(33, 33, 33); font-family: Roboto, Arial, sans-serif; font-size: 14px;\"><li class=\"_2-riNZ\" style=\"box-sizing: border-box; margin: 0px; padding: 0px 0px 8px 16px; list-style: none; position: relative;\">Colour: White, White</li><li class=\"_2-riNZ\" style=\"box-sizing: border-box; margin: 0px; padding: 0px 0px 0px 16px; list-style: none; position: relative;\">Outer Material: Denim</li><li class=\"_1KuY3T row\" style=\"box-sizing: border-box; margin: 0px; padding: 0px 0px 16px; list-style: none; display: flex; flex-flow: row wrap; width: 731px;\"><div class=\"vmXPri col col-3-12\" style=\"box-sizing: border-box; margin: 0px; padding: 0px 8px 0px 0px; width: 182.75px; display: inline-block; vertical-align: top; color: rgb(135, 135, 135);\"><br></div></li></ul>', '1.jpeg', '2.jpeg', '3.jpeg', 45, 'In Stock', '2021-11-27 20:16:03', ''),
(20, 6, 12, 'Adidas MESSI 16.3 TF Football turf Shoes  (Blue)', 'Adidas', 4129, 5000, '<ul style=\"box-sizing: border-box; margin-bottom: 0px; margin-left: 0px; color: rgb(33, 33, 33); font-family: Roboto, Arial, sans-serif; font-size: 14px;\"><li class=\"_2-riNZ\" style=\"box-sizing: border-box; margin: 0px; padding: 0px 0px 8px 16px; list-style: none; position: relative;\">Colour: Blue</li><li class=\"_2-riNZ\" style=\"box-sizing: border-box; margin: 0px; padding: 0px 0px 0px 16px; list-style: none; position: relative;\">Closure: Laced</li><li class=\"_1KuY3T row\" style=\"box-sizing: border-box; margin: 0px; padding: 0px 0px 16px; list-style: none; display: flex; flex-flow: row wrap; width: 731px;\"><div class=\"vmXPri col col-3-12\" style=\"text-align: left; box-sizing: border-box; margin: 0px; padding: 0px 8px 0px 0px; width: 182.75px; display: inline-block; vertical-align: top; color: rgb(135, 135, 135);\"><b>Weight</b></div><ul class=\"_3dG3ix col col-9-12\" style=\"box-sizing: border-box; margin-left: 0px; width: 548.25px; display: inline-block; vertical-align: top; line-height: 1.4;\"><li class=\"sNqDog\" style=\"text-align: left; box-sizing: border-box; margin: 0px; padding: 0px; list-style: none;\"><b>200 g (per single Shoe) - Weight of the product may vary depending on size.</b></li></ul></li><li class=\"_1KuY3T row\" style=\"box-sizing: border-box; margin: 0px; padding: 0px 0px 16px; list-style: none; display: flex; flex-flow: row wrap; width: 731px;\"><div class=\"vmXPri col col-3-12\" style=\"text-align: left; box-sizing: border-box; margin: 0px; padding: 0px 8px 0px 0px; width: 182.75px; display: inline-block; vertical-align: top; color: rgb(135, 135, 135);\"><b>Style</b></div><ul class=\"_3dG3ix col col-9-12\" style=\"box-sizing: border-box; margin-left: 0px; width: 548.25px; display: inline-block; vertical-align: top; line-height: 1.4;\"><li class=\"sNqDog\" style=\"text-align: left; box-sizing: border-box; margin: 0px; padding: 0px; list-style: none;\"><b>Panel and Stitch Detail, Textured Detail</b></li></ul></li><li class=\"_1KuY3T row\" style=\"box-sizing: border-box; margin: 0px; padding: 0px 0px 16px; list-style: none; display: flex; flex-flow: row wrap; width: 731px;\"><div class=\"vmXPri col col-3-12\" style=\"text-align: left; box-sizing: border-box; margin: 0px; padding: 0px 8px 0px 0px; width: 182.75px; display: inline-block; vertical-align: top; color: rgb(135, 135, 135);\"><b>Tip Shape</b></div><ul class=\"_3dG3ix col col-9-12\" style=\"box-sizing: border-box; margin-left: 0px; width: 548.25px; display: inline-block; vertical-align: top; line-height: 1.4;\"><li class=\"sNqDog\" style=\"text-align: left; box-sizing: border-box; margin: 0px; padding: 0px; list-style: none;\"><b>Round</b></li></ul></li><li class=\"_1KuY3T row\" style=\"box-sizing: border-box; margin: 0px; padding: 0px 0px 16px; list-style: none; display: flex; flex-flow: row wrap; width: 731px;\"><div class=\"vmXPri col col-3-12\" style=\"text-align: left; box-sizing: border-box; margin: 0px; padding: 0px 8px 0px 0px; width: 182.75px; display: inline-block; vertical-align: top; color: rgb(135, 135, 135);\"><b>Season</b></div><ul class=\"_3dG3ix col col-9-12\" style=\"box-sizing: border-box; margin-left: 0px; width: 548.25px; display: inline-block; vertical-align: top; line-height: 1.4;\"><li class=\"sNqDog\" style=\"text-align: left; box-sizing: border-box; margin: 0px; padding: 0px; list-style: none;\"><b>AW16</b></li></ul></li><li class=\"_1KuY3T row\" style=\"box-sizing: border-box; margin: 0px; padding: 0px; list-style: none; display: flex; flex-flow: row wrap; width: 731px;\"><div class=\"vmXPri col col-3-12\" style=\"text-align: left; box-sizing: border-box; margin: 0px; padding: 0px 8px 0px 0px; width: 182.75px; display: inline-block; vertical-align: top; color: rgb(135, 135, 135);\"><b>Closure</b></div><ul class=\"_3dG3ix col col-9-12\" style=\"box-sizing: border-box; margin-left: 0px; width: 548.25px; display: inline-block; vertical-align: top; line-height: 1.4;\"><li class=\"sNqDog\" style=\"text-align: left; box-sizing: border-box; margin: 0px; padding: 0px; list-style: none;\"><b>Laced</b></li></ul></li></ul>', '1.jpeg', '2.jpeg', '3.jpeg', 0, 'In Stock', '2021-11-27 20:19:22', '');

-- --------------------------------------------------------

--
-- Struktur dari tabel `subcategory`
--

CREATE TABLE `subcategory` (
  `id` int(11) NOT NULL,
  `categoryid` int(11) DEFAULT NULL,
  `subcategory` varchar(255) DEFAULT NULL,
  `creationDate` timestamp NULL DEFAULT current_timestamp(),
  `updationDate` varchar(255) DEFAULT NULL
) ENGINE=InnoDB DEFAULT CHARSET=latin1;

--
-- Dumping data untuk tabel `subcategory`
--

INSERT INTO `subcategory` (`id`, `categoryid`, `subcategory`, `creationDate`, `updationDate`) VALUES
(2, 4, 'Led Television', '2021-11-27 16:24:52', '30-11-2021 11:03:40 PM'),
(3, 4, 'Television', '2021-11-27 16:29:09', ''),
(4, 4, 'Mobiles', '2021-11-27 16:55:48', ''),
(5, 4, 'Mobile Accessories', '2021-11-27 04:12:40', ''),
(6, 4, 'Laptops', '2021-11-27 04:13:00', ''),
(7, 4, 'Computers', '2021-11-27 04:13:27', ''),
(8, 3, 'Comics', '2021-11-27 04:13:54', ''),
(9, 5, 'Beds', '2021-11-27 04:36:45', ''),
(10, 5, 'Sofas', '2021-11-27 04:37:02', ''),
(11, 5, 'Dining Tables', '2021-11-27 04:37:51', ''),
(12, 6, 'Men Footwears', '2021-11-26 20:12:59', '');

-- --------------------------------------------------------

--
-- Struktur dari tabel `userlog`
--

CREATE TABLE `userlog` (
  `id` int(11) NOT NULL,
  `userEmail` varchar(255) DEFAULT NULL,
  `userip` binary(16) DEFAULT NULL,
  `loginTime` timestamp NULL DEFAULT current_timestamp(),
  `logout` varchar(255) DEFAULT NULL,
  `status` int(11) DEFAULT NULL
) ENGINE=InnoDB DEFAULT CHARSET=latin1;

--
-- Dumping data untuk tabel `userlog`
--

INSERT INTO `userlog` (`id`, `userEmail`, `userip`, `loginTime`, `logout`, `status`) VALUES
(24, 'malinosihotang123@gmail.com', 0x3a3a3100000000000000000000000000, '2021-11-26 06:34:28', NULL, 0),
(25, 'malinosihotang123@gmail.com', 0x3a3a3100000000000000000000000000, '2021-11-26 06:34:30', NULL, 0),
(26, 'Malino@gmail.com', 0x3a3a3100000000000000000000000000, '2021-11-26 06:34:40', NULL, 0),
(27, 'noname@gmail.com', 0x3a3a3100000000000000000000000000, '2021-11-26 06:35:49', '26-11-2021 12:21:59 PM', 1),
(28, 'noname@gmail.com', 0x3a3a3100000000000000000000000000, '2021-11-26 06:52:13', '26-11-2021 12:29:39 PM', 1),
(29, 'noname@gmail.com', 0x3a3a3100000000000000000000000000, '2021-11-26 11:57:16', '26-11-2021 05:49:50 PM', 1),
(30, 'noname@gmail.com', 0x3a3a3100000000000000000000000000, '2021-11-26 14:03:59', NULL, 1),
(31, 'noname@gmail.com', 0x3a3a3100000000000000000000000000, '2021-12-09 02:46:03', NULL, 1),
(32, 'noname@gmail.com', 0x3a3a3100000000000000000000000000, '2021-12-09 03:04:53', '09-12-2021 08:40:31 AM', 1),
(33, 'katakbhizer@gmail.com', 0x3a3a3100000000000000000000000000, '2021-12-09 03:11:24', '09-12-2021 09:08:23 AM', 1),
(34, 'malinosihotang123@gmail.com', 0x3a3a3100000000000000000000000000, '2021-12-09 13:19:00', '09-12-2021 06:51:25 PM', 1),
(35, 'malinosihotang123@gmail.com', 0x3a3a3100000000000000000000000000, '2021-12-09 13:21:31', '09-12-2021 07:14:22 PM', 1),
(36, 'jerryandrianto22@gmail.com', 0x3a3a3100000000000000000000000000, '2021-12-09 14:19:48', '09-12-2021 07:50:10 PM', 1),
(37, 'malinosihotang175@gmail.com', 0x3a3a3100000000000000000000000000, '2021-12-09 14:20:46', '09-12-2021 08:30:51 PM', 1),
(38, 'malinosihotang175@gmail.com', 0x3a3a3100000000000000000000000000, '2021-12-09 15:43:02', NULL, 0),
(39, 'malinosihotang123@gmail.com', 0x3a3a3100000000000000000000000000, '2021-12-09 15:43:12', '09-12-2021 09:26:04 PM', 1),
(40, 'malinosihotang123@gmail.com', 0x3a3a3100000000000000000000000000, '2021-12-11 05:21:39', '11-12-2021 10:58:05 AM', 1),
(41, 'malinosihotang175@gmail.com', 0x3a3a3100000000000000000000000000, '2021-12-11 07:17:14', '11-12-2021 12:47:59 PM', 1),
(42, 'malinosihotang175@gmail.com', 0x3a3a3100000000000000000000000000, '2021-12-11 08:06:26', NULL, 1);

-- --------------------------------------------------------

--
-- Struktur dari tabel `users`
--

CREATE TABLE `users` (
  `id` int(11) NOT NULL,
  `name` varchar(255) DEFAULT NULL,
  `email` varchar(255) DEFAULT NULL,
  `contactno` bigint(11) DEFAULT NULL,
  `password` varchar(255) DEFAULT NULL,
  `shippingAddress` longtext DEFAULT NULL,
  `shippingState` varchar(255) DEFAULT NULL,
  `shippingCity` varchar(255) DEFAULT NULL,
  `shippingPincode` int(11) DEFAULT NULL,
  `billingAddress` longtext DEFAULT NULL,
  `billingState` varchar(255) DEFAULT NULL,
  `billingCity` varchar(255) DEFAULT NULL,
  `billingPincode` int(11) DEFAULT NULL,
  `regDate` timestamp NOT NULL DEFAULT current_timestamp(),
  `updationDate` varchar(255) DEFAULT NULL,
  `kode_otp` varchar(20) DEFAULT NULL
) ENGINE=InnoDB DEFAULT CHARSET=latin1;

--
-- Dumping data untuk tabel `users`
--

INSERT INTO `users` (`id`, `name`, `email`, `contactno`, `password`, `shippingAddress`, `shippingState`, `shippingCity`, `shippingPincode`, `billingAddress`, `billingState`, `billingCity`, `billingPincode`, `regDate`, `updationDate`, `kode_otp`) VALUES
(2, 'Amit ', 'amit@gmail.com', 8285703355, '5c428d8875d2948607f3e3fe134d71b4', '', '', '', 0, '', '', '', 0, '2021-11-25 17:21:22', '', ''),
(4, 'No Name ', 'noname@gmail.com', 872575372, '8804520092fff34de88e0aecf4335b1c', NULL, NULL, NULL, NULL, NULL, NULL, NULL, NULL, '2021-11-26 06:35:33', NULL, ''),
(17, 'Malino Win Krisnando Sihotang', 'malinosihotang175@gmail.com', 812433452, 'd758b80411b95edc08101159b6e3fc031e7f09d3bd9030733a5975cc613bf42e', NULL, NULL, NULL, NULL, NULL, NULL, NULL, NULL, '2021-12-11 08:06:06', NULL, '40712');

-- --------------------------------------------------------

--
-- Struktur dari tabel `wishlist`
--

CREATE TABLE `wishlist` (
  `id` int(11) NOT NULL,
  `userId` int(11) DEFAULT NULL,
  `productId` int(11) DEFAULT NULL,
  `postingDate` timestamp NOT NULL DEFAULT current_timestamp()
) ENGINE=InnoDB DEFAULT CHARSET=latin1;

--
-- Dumping data untuk tabel `wishlist`
--

INSERT INTO `wishlist` (`id`, `userId`, `productId`, `postingDate`) VALUES
(1, 1, 0, '2021-11-29 17:00:00'),
(3, 5, 15, '2021-12-09 03:28:07'),
(4, 5, 17, '2021-12-09 03:28:19');

--
-- Indexes for dumped tables
--

--
-- Indeks untuk tabel `admin`
--
ALTER TABLE `admin`
  ADD PRIMARY KEY (`id`);

--
-- Indeks untuk tabel `category`
--
ALTER TABLE `category`
  ADD PRIMARY KEY (`id`);

--
-- Indeks untuk tabel `orders`
--
ALTER TABLE `orders`
  ADD PRIMARY KEY (`id`);

--
-- Indeks untuk tabel `ordertrackhistory`
--
ALTER TABLE `ordertrackhistory`
  ADD PRIMARY KEY (`id`);

--
-- Indeks untuk tabel `productreviews`
--
ALTER TABLE `productreviews`
  ADD PRIMARY KEY (`id`);

--
-- Indeks untuk tabel `products`
--
ALTER TABLE `products`
  ADD PRIMARY KEY (`id`);

--
-- Indeks untuk tabel `subcategory`
--
ALTER TABLE `subcategory`
  ADD PRIMARY KEY (`id`);

--
-- Indeks untuk tabel `userlog`
--
ALTER TABLE `userlog`
  ADD PRIMARY KEY (`id`);

--
-- Indeks untuk tabel `users`
--
ALTER TABLE `users`
  ADD PRIMARY KEY (`id`);

--
-- Indeks untuk tabel `wishlist`
--
ALTER TABLE `wishlist`
  ADD PRIMARY KEY (`id`);

--
-- AUTO_INCREMENT untuk tabel yang dibuang
--

--
-- AUTO_INCREMENT untuk tabel `admin`
--
ALTER TABLE `admin`
  MODIFY `id` int(11) NOT NULL AUTO_INCREMENT, AUTO_INCREMENT=2;

--
-- AUTO_INCREMENT untuk tabel `category`
--
ALTER TABLE `category`
  MODIFY `id` int(11) NOT NULL AUTO_INCREMENT, AUTO_INCREMENT=7;

--
-- AUTO_INCREMENT untuk tabel `orders`
--
ALTER TABLE `orders`
  MODIFY `id` int(11) NOT NULL AUTO_INCREMENT, AUTO_INCREMENT=21;

--
-- AUTO_INCREMENT untuk tabel `ordertrackhistory`
--
ALTER TABLE `ordertrackhistory`
  MODIFY `id` int(11) NOT NULL AUTO_INCREMENT, AUTO_INCREMENT=12;

--
-- AUTO_INCREMENT untuk tabel `productreviews`
--
ALTER TABLE `productreviews`
  MODIFY `id` int(11) NOT NULL AUTO_INCREMENT, AUTO_INCREMENT=5;

--
-- AUTO_INCREMENT untuk tabel `products`
--
ALTER TABLE `products`
  MODIFY `id` int(11) NOT NULL AUTO_INCREMENT, AUTO_INCREMENT=21;

--
-- AUTO_INCREMENT untuk tabel `subcategory`
--
ALTER TABLE `subcategory`
  MODIFY `id` int(11) NOT NULL AUTO_INCREMENT, AUTO_INCREMENT=13;

--
-- AUTO_INCREMENT untuk tabel `userlog`
--
ALTER TABLE `userlog`
  MODIFY `id` int(11) NOT NULL AUTO_INCREMENT, AUTO_INCREMENT=43;

--
-- AUTO_INCREMENT untuk tabel `users`
--
ALTER TABLE `users`
  MODIFY `id` int(11) NOT NULL AUTO_INCREMENT, AUTO_INCREMENT=18;

--
-- AUTO_INCREMENT untuk tabel `wishlist`
--
ALTER TABLE `wishlist`
  MODIFY `id` int(11) NOT NULL AUTO_INCREMENT, AUTO_INCREMENT=5;
COMMIT;

/*!40101 SET CHARACTER_SET_CLIENT=@OLD_CHARACTER_SET_CLIENT */;
/*!40101 SET CHARACTER_SET_RESULTS=@OLD_CHARACTER_SET_RESULTS */;
/*!40101 SET COLLATION_CONNECTION=@OLD_COLLATION_CONNECTION */;
